'192.168.10.9',
'192.168.10.9',
'192.168.10.9','192.168.10.15'
'192.168.10.15'
'192.168.10.15','192.168.10.9'
'192.168.10.15','192.168.10.9'
'192.168.10.15'
'192.168.10.9'
'192.168.10.15'
'192.168.10.9','192.168.10.15',,,
'192.168.10.15','192.168.10.9',,,
'192.168.10.15',,,,
'192.168.10.9',,,,
'192.168.10.15',,,,
'192.168.10.9','192.168.10.15',,,
'192.168.10.15','192.168.10.9',,,
'192.168.10.15',,,,
'192.168.10.9',,,,
'192.168.10.15',,,,
'192.168.10.15','192.168.10.9',,,
'192.168.10.15','192.168.10.14','192.168.10.9',,
'192.168.10.14','192.168.10.15',,,
'192.168.10.14','192.168.10.15','192.168.10.9',,
'192.168.10.14','192.168.10.15','192.168.10.9',,
'192.168.10.14','192.168.10.15','192.168.10.9',,
'192.168.10.5','192.168.10.15',,,
'192.168.10.5','192.168.10.15','192.168.10.14','192.168.10.9',
'192.168.10.14','192.168.10.5','192.168.10.15','192.168.10.9',
'192.168.10.14','192.168.10.15','192.168.10.9',,
'192.168.10.9','192.168.10.5','192.168.10.14','192.168.10.15',
'192.168.10.9','192.168.10.14','192.168.10.5','192.168.10.15',
'192.168.10.5','192.168.10.15','192.168.10.9','192.168.10.14',
'192.168.10.9','192.168.10.5','192.168.10.14','192.168.10.15','192.168.10.8'
'192.168.10.9','192.168.10.14','192.168.10.8','192.168.10.15','192.168.10.5'
'192.168.10.8','192.168.10.9','192.168.10.5','192.168.10.14','192.168.10.15'
'192.168.10.8','192.168.10.9','192.168.10.5','192.168.10.14','192.168.10.15'
'192.168.10.5','192.168.10.8','192.168.10.9','192.168.10.14',
'192.168.10.15','192.168.10.5',,,
'192.168.10.8','192.168.10.9','192.168.10.14','192.168.10.15',
'192.168.10.14','192.168.10.15','192.168.10.8','192.168.10.9','192.168.10.5'
'192.168.10.8','192.168.10.14','192.168.10.9','192.168.10.5','192.168.10.15'
'192.168.10.5','192.168.10.15','192.168.10.8','192.168.10.9','192.168.10.14'
'192.168.10.9','192.168.10.15','192.168.10.5','192.168.10.8','192.168.10.14'
'192.168.10.9','192.168.10.5','192.168.10.8',,
'192.168.10.8','192.168.10.15','192.168.10.14','192.168.10.9','192.168.10.5'
'192.168.10.14','192.168.10.9','192.168.10.5','192.168.10.15','192.168.10.8'
'192.168.10.14','192.168.10.5','192.168.10.9','192.168.10.15','192.168.10.8'
'192.168.10.14','192.168.10.9','192.168.10.15','192.168.10.5','192.168.10.8'
'192.168.10.8',,,,
'192.168.10.15','192.168.10.8','192.168.10.14','192.168.10.5','192.168.10.9'
'192.168.10.15','192.168.10.8',,,
'192.168.10.14','192.168.10.9','192.168.10.5','192.168.10.15','192.168.10.8'
'192.168.10.15','192.168.10.8','192.168.10.14','192.168.10.5','192.168.10.9'
'192.168.10.8',,,,
'192.168.10.15','192.168.10.8','192.168.10.14','192.168.10.9','192.168.10.5'
'192.168.10.15','192.168.10.8',,,
'192.168.10.14','192.168.10.9','192.168.10.5','192.168.10.15','192.168.10.8'
'192.168.10.15','192.168.10.8','192.168.10.14','192.168.10.5','192.168.10.9'
'192.168.10.8',,,,